{"cameraMode":{"drawMode":2,"name":"Shaded Wireframe","section":"Shading Mode"},"sceneLighting":true,"audioPlay":false,"sceneViewState":{"showFog":true,"showMaterialUpdate":false,"showSkybox":true,"showFlares":true,"showImageEffects":true,"showParticleSystems":true},"in2DMode":false,"pivot":{"x":52.75962448120117,"y":55.773433685302737,"z":62.9996337890625},"rotation":{"x":0.11666587740182877,"y":0.4310436546802521,"z":-0.05631132423877716,"w":0.8929881453514099},"size":393.0819091796875,"orthographic":false}